process,model,case,score,rate,rate_sd
AR1,MLPQR,A0,S_gls_b,0.16888888888888887,0.01895413567692443
AR1,MLPQR,A0,S_gls_ema,0.061111111111111116,0.020092379244472363
AR1,MLPQR,A0,S_gls_emp,0.044444444444444446,0.01953155092360772
AR1,MLPQR,A0,S_gls_hybrid,0.04888888888888889,0.008388704928078607
AR1,MLPQR,A0,S_gls_pert,0.1711111111111111,0.022194427061597966
AR1,MLPQR,A0,S_gls_pool,0.04666666666666667,0.020816659994661334
AR1,MLPQR,A0,S_mean,0.4488888888888889,0.0189541356769244
AR1,MLPQR,A1,S_gls_b,0.6033333333333334,0.017638342073763913
AR1,MLPQR,A1,S_gls_ema,0.5555555555555555,0.028349668493718016
AR1,MLPQR,A1,S_gls_emp,0.5322222222222223,0.013471506281091254
AR1,MLPQR,A1,S_gls_hybrid,0.5533333333333333,0.01201850425154664
AR1,MLPQR,A1,S_gls_pert,0.6055555555555556,0.020092379244472353
AR1,MLPQR,A1,S_gls_pool,0.54,0.012018504251546623
AR1,MLPQR,A1,S_mean,0.8955555555555555,0.0107151675122144
AR1,MLPQR,A1p,S_gls_b,0.46444444444444444,0.010715167512214397
AR1,MLPQR,A1p,S_gls_ema,0.37666666666666665,0.017320508075688787
AR1,MLPQR,A1p,S_gls_emp,0.3311111111111111,0.013471506281091263
AR1,MLPQR,A1p,S_gls_hybrid,0.37333333333333335,0.003333333333333341
AR1,MLPQR,A1p,S_gls_pert,0.4611111111111111,0.005091750772173161
AR1,MLPQR,A1p,S_gls_pool,0.34,0.011547005383792521
AR1,MLPQR,A1p,S_mean,0.7866666666666667,0.0057735026918962545
AR1,MLPQR,A2,S_gls_b,0.46222222222222226,0.03006166501881928
AR1,MLPQR,A2,S_gls_ema,0.3633333333333333,0.03179797338056482
AR1,MLPQR,A2,S_gls_emp,0.3566666666666667,0.014529663145135588
AR1,MLPQR,A2,S_gls_hybrid,0.3844444444444444,0.020367003088692638
AR1,MLPQR,A2,S_gls_pert,0.4611111111111111,0.023648662948658628
AR1,MLPQR,A2,S_gls_pool,0.35000000000000003,0.027284509239574848
AR1,MLPQR,A2,S_mean,0.7266666666666666,0.026034165586355556
AR1,MLPQR,A3,S_gls_b,0.3111111111111111,0.02714842605082356
AR1,MLPQR,A3,S_gls_ema,0.1611111111111111,0.05003702332976756
AR1,MLPQR,A3,S_gls_emp,0.1411111111111111,0.02219442706159797
AR1,MLPQR,A3,S_gls_hybrid,0.16777777777777778,0.022689530951846816
AR1,MLPQR,A3,S_gls_pert,0.2988888888888889,0.028349668493717946
AR1,MLPQR,A3,S_gls_pool,0.1388888888888889,0.02987628813277501
AR1,MLPQR,A3,S_mean,0.5755555555555556,0.013471506281091226
AR1,MLPQR,A4,S_gls_b,0.3788888888888889,0.03150543750835074
AR1,MLPQR,A4,S_gls_ema,0.24111111111111114,0.022194427061597962
AR1,MLPQR,A4,S_gls_emp,0.22777777777777777,0.006938886664887114
AR1,MLPQR,A4,S_gls_hybrid,0.25,0.020275875100994056
AR1,MLPQR,A4,S_gls_pert,0.37666666666666665,0.046666666666666676
AR1,MLPQR,A4,S_gls_pool,0.2222222222222222,0.0019245008972987449
AR1,MLPQR,A4,S_mean,0.6277777777777778,0.010183501544346359
AR1,MLPQR,N0,S_gls_b,0.31222222222222223,0.03006166501881928
AR1,MLPQR,N0,S_gls_ema,0.16,0.04999999999999999
AR1,MLPQR,N0,S_gls_emp,0.14333333333333334,0.02728450923957484
AR1,MLPQR,N0,S_gls_hybrid,0.16555555555555557,0.015396007178390007
AR1,MLPQR,N0,S_gls_pert,0.30888888888888894,0.03564225540521207
AR1,MLPQR,N0,S_gls_pool,0.1311111111111111,0.037168285963728294
AR1,MLPQR,N0,S_mean,0.5966666666666667,0.020000000000000018
AR1,MLPQR_CAL,A0,S_gls_b,0.11111111111111112,0.028349668493717946
AR1,MLPQR_CAL,A0,S_gls_ema,0.016666666666666666,0.003333333333333333
AR1,MLPQR_CAL,A0,S_gls_emp,0.012222222222222223,0.00769800358919501
AR1,MLPQR_CAL,A0,S_gls_hybrid,0.01,0.0033333333333333335
AR1,MLPQR_CAL,A0,S_gls_pert,0.11555555555555556,0.027755546659548436
AR1,MLPQR_CAL,A0,S_gls_pool,0.014444444444444446,0.009622504486493762
AR1,MLPQR_CAL,A0,S_mean,0.32666666666666666,0.006666666666666654
AR1,MLPQR_CAL,A1,S_gls_b,0.44,0.013333333333333308
AR1,MLPQR_CAL,A1,S_gls_ema,0.3055555555555556,0.023648662948658587
AR1,MLPQR_CAL,A1,S_gls_emp,0.28777777777777774,0.005091750772173139
AR1,MLPQR_CAL,A1,S_gls_hybrid,0.31777777777777777,0.011706281947614174
AR1,MLPQR_CAL,A1,S_gls_pert,0.4377777777777778,0.013471506281091287
AR1,MLPQR_CAL,A1,S_gls_pool,0.2888888888888889,0.015752718754175356
AR1,MLPQR_CAL,A1,S_mean,0.8166666666666668,0.017638342073763958
AR1,MLPQR_CAL,A1p,S_gls_b,0.33888888888888885,0.006938886664887143
AR1,MLPQR_CAL,A1p,S_gls_ema,0.17666666666666667,0.023333333333333338
AR1,MLPQR_CAL,A1p,S_gls_emp,0.1411111111111111,0.003849001794597502
AR1,MLPQR_CAL,A1p,S_gls_hybrid,0.1822222222222222,0.016777409856157225
AR1,MLPQR_CAL,A1p,S_gls_pert,0.3422222222222222,0.008388704928078609
AR1,MLPQR_CAL,A1p,S_gls_pool,0.15,0.006666666666666661
AR1,MLPQR_CAL,A1p,S_mean,0.6622222222222222,0.018954135676924475
AR1,MLPQR_CAL,A2,S_gls_b,0.3522222222222222,0.015752718754175356
AR1,MLPQR_CAL,A2,S_gls_ema,0.20666666666666667,0.04371625682868001
AR1,MLPQR_CAL,A2,S_gls_emp,0.18444444444444444,0.017105338131489612
AR1,MLPQR_CAL,A2,S_gls_hybrid,0.21444444444444444,0.022194427061597966
AR1,MLPQR_CAL,A2,S_gls_pert,0.3433333333333333,0.015275252316519461
AR1,MLPQR_CAL,A2,S_gls_pool,0.17666666666666667,0.021858128414340004
AR1,MLPQR_CAL,A2,S_mean,0.6211111111111111,0.030971910810591908
AR1,MLPQR_CAL,A3,S_gls_b,0.21444444444444444,0.02219442706159797
AR1,MLPQR_CAL,A3,S_gls_ema,0.06555555555555555,0.026943012562182542
AR1,MLPQR_CAL,A3,S_gls_emp,0.04666666666666667,0.011547005383792512
AR1,MLPQR_CAL,A3,S_gls_hybrid,0.06666666666666667,0.017320508075688777
AR1,MLPQR_CAL,A3,S_gls_pert,0.21444444444444444,0.025018511664883787
AR1,MLPQR_CAL,A3,S_gls_pool,0.043333333333333335,0.017320508075688777
AR1,MLPQR_CAL,A3,S_mean,0.47444444444444445,0.038490017945975036
AR1,MLPQR_CAL,A4,S_gls_b,0.2822222222222222,0.03097191081059189
AR1,MLPQR_CAL,A4,S_gls_ema,0.13111111111111112,0.0076980035891950115
AR1,MLPQR_CAL,A4,S_gls_emp,0.12444444444444445,0.01895413567692443
AR1,MLPQR_CAL,A4,S_gls_hybrid,0.14222222222222222,0.015752718754175363
AR1,MLPQR_CAL,A4,S_gls_pert,0.28,0.023333333333333317
AR1,MLPQR_CAL,A4,S_gls_pool,0.12444444444444445,0.008388704928078609
AR1,MLPQR_CAL,A4,S_mean,0.5411111111111111,0.027954990278686993
AR1,MLPQR_CAL,N0,S_gls_b,0.20444444444444443,0.025891511550513436
AR1,MLPQR_CAL,N0,S_gls_ema,0.06555555555555555,0.03024590575292489
AR1,MLPQR_CAL,N0,S_gls_emp,0.045555555555555564,0.015752718754175367
AR1,MLPQR_CAL,N0,S_gls_hybrid,0.06555555555555556,0.018358568490953676
AR1,MLPQR_CAL,N0,S_gls_pert,0.2111111111111111,0.028349668493717943
AR1,MLPQR_CAL,N0,S_gls_pool,0.04555555555555555,0.012619796324000607
AR1,MLPQR_CAL,N0,S_mean,0.4855555555555555,0.02873892701417237
AR1,ORACLE,A0,S_gls_b,0.0,0.0
AR1,ORACLE,A0,S_gls_ema,0.0,0.0
AR1,ORACLE,A0,S_gls_emp,0.0,0.0
AR1,ORACLE,A0,S_gls_hybrid,0.0,0.0
AR1,ORACLE,A0,S_gls_pert,0.0,0.0
AR1,ORACLE,A0,S_gls_pool,0.0,0.0
AR1,ORACLE,A0,S_mean,0.0,0.0
AR1,ORACLE,A1,S_gls_b,0.0,0.0
AR1,ORACLE,A1,S_gls_ema,0.0,0.0
AR1,ORACLE,A1,S_gls_emp,0.0,0.0
AR1,ORACLE,A1,S_gls_hybrid,0.0,0.0
AR1,ORACLE,A1,S_gls_pert,0.0,0.0
AR1,ORACLE,A1,S_gls_pool,0.0,0.0
AR1,ORACLE,A1,S_mean,1.0,0.0
AR1,ORACLE,A1p,S_gls_b,0.0,0.0
AR1,ORACLE,A1p,S_gls_ema,0.0,0.0
AR1,ORACLE,A1p,S_gls_emp,0.0,0.0
AR1,ORACLE,A1p,S_gls_hybrid,0.0,0.0
AR1,ORACLE,A1p,S_gls_pert,0.0,0.0
AR1,ORACLE,A1p,S_gls_pool,0.0,0.0
AR1,ORACLE,A1p,S_mean,1.0,0.0
AR1,ORACLE,A2,S_gls_b,0.2733333333333334,0.021858128414340004
AR1,ORACLE,A2,S_gls_ema,0.27555555555555555,0.034694433324435545
AR1,ORACLE,A2,S_gls_emp,0.29111111111111115,0.019245008972987525
AR1,ORACLE,A2,S_gls_hybrid,0.2777777777777778,0.02775554665954844
AR1,ORACLE,A2,S_gls_pert,0.27555555555555555,0.034694433324435545
AR1,ORACLE,A2,S_gls_pool,0.27555555555555555,0.034694433324435545
AR1,ORACLE,A2,S_mean,0.6711111111111111,0.005091750772173152
AR1,ORACLE,A3,S_gls_b,0.04666666666666667,0.02027587510099407
AR1,ORACLE,A3,S_gls_ema,0.04222222222222222,0.01539600717839002
AR1,ORACLE,A3,S_gls_emp,0.056666666666666664,0.01732050807568877
AR1,ORACLE,A3,S_gls_hybrid,0.044444444444444446,0.01953155092360772
AR1,ORACLE,A3,S_gls_pert,0.04222222222222222,0.01539600717839002
AR1,ORACLE,A3,S_gls_pool,0.04222222222222222,0.01539600717839002
AR1,ORACLE,A3,S_mean,0.38000000000000006,0.017320508075688787
AR1,ORACLE,A4,S_gls_b,0.18333333333333335,0.018559214542766746
AR1,ORACLE,A4,S_gls_ema,0.17888888888888888,0.01575271875417535
AR1,ORACLE,A4,S_gls_emp,0.21555555555555558,0.024113927126900775
AR1,ORACLE,A4,S_gls_hybrid,0.18999999999999997,0.011547005383792528
AR1,ORACLE,A4,S_gls_pert,0.17888888888888888,0.01575271875417535
AR1,ORACLE,A4,S_gls_pool,0.17888888888888888,0.01575271875417535
AR1,ORACLE,A4,S_mean,0.5522222222222223,0.03671713698190729
AR1,ORACLE,N0,S_gls_b,0.03888888888888889,0.01261979632400061
AR1,ORACLE,N0,S_gls_ema,0.04222222222222222,0.013471506281091266
AR1,ORACLE,N0,S_gls_emp,0.052222222222222225,0.024113927126900782
AR1,ORACLE,N0,S_gls_hybrid,0.041111111111111105,0.01644294287438749
AR1,ORACLE,N0,S_gls_pert,0.04222222222222222,0.013471506281091266
AR1,ORACLE,N0,S_gls_pool,0.04222222222222222,0.013471506281091266
AR1,ORACLE,N0,S_mean,0.3811111111111111,0.013877773329774249
RW,MLPQR,A0,S_gls_b,0.011111111111111112,0.005091750772173155
RW,MLPQR,A0,S_gls_ema,0.022222222222222223,0.005091750772173157
RW,MLPQR,A0,S_gls_emp,0.011111111111111112,0.0019245008972987529
RW,MLPQR,A0,S_gls_hybrid,0.017777777777777778,0.003849001794597505
RW,MLPQR,A0,S_gls_pert,0.02888888888888889,0.008388704928078609
RW,MLPQR,A0,S_gls_pool,0.021111111111111112,0.005091750772173157
RW,MLPQR,A0,S_mean,0.5455555555555556,0.030245905752924917
RW,MLPQR,A1,S_gls_b,0.06222222222222223,0.0069388866648871115
RW,MLPQR,A1,S_gls_ema,0.15,0.021858128414340008
RW,MLPQR,A1,S_gls_emp,0.11666666666666665,0.02185812841434001
RW,MLPQR,A1,S_gls_hybrid,0.1322222222222222,0.01539600717839002
RW,MLPQR,A1,S_gls_pert,0.15,0.020275875100994073
RW,MLPQR,A1,S_gls_pool,0.15,0.02333333333333334
RW,MLPQR,A1,S_mean,0.8300000000000001,0.008819171036881937
RW,MLPQR,A1p,S_gls_b,0.03888888888888889,0.00693888666488711
RW,MLPQR,A1p,S_gls_ema,0.04555555555555555,0.01261979632400061
RW,MLPQR,A1p,S_gls_emp,0.03222222222222223,0.009622504486493764
RW,MLPQR,A1p,S_gls_hybrid,0.04,0.00881917103688197
RW,MLPQR,A1p,S_gls_pert,0.049999999999999996,0.01
RW,MLPQR,A1p,S_gls_pool,0.04555555555555555,0.01261979632400061
RW,MLPQR,A1p,S_mean,0.5777777777777778,0.01835856849095364
RW,MLPQR,A2,S_gls_b,0.10666666666666667,0.012018504251546635
RW,MLPQR,A2,S_gls_ema,0.14222222222222222,0.023412563895228305
RW,MLPQR,A2,S_gls_emp,0.12222222222222223,0.022689530951846823
RW,MLPQR,A2,S_gls_hybrid,0.12666666666666668,0.020816659994661327
RW,MLPQR,A2,S_gls_pert,0.1411111111111111,0.021688023662159044
RW,MLPQR,A2,S_gls_pool,0.14222222222222222,0.023412563895228305
RW,MLPQR,A2,S_mean,0.7766666666666667,0.02081665999466135
RW,MLPQR,A3,S_gls_b,0.08222222222222221,0.009622504486493762
RW,MLPQR,A3,S_gls_ema,0.11666666666666665,0.012018504251546635
RW,MLPQR,A3,S_gls_emp,0.09777777777777778,0.008388704928078623
RW,MLPQR,A3,S_gls_hybrid,0.10555555555555556,0.013877773329774218
RW,MLPQR,A3,S_gls_pert,0.12111111111111111,0.01677740985615721
RW,MLPQR,A3,S_gls_pool,0.11555555555555556,0.011706281947614158
RW,MLPQR,A3,S_mean,0.7755555555555556,0.025458753860865796
RW,MLPQR,A4,S_gls_b,0.12666666666666668,0.008819171036881958
RW,MLPQR,A4,S_gls_ema,0.18888888888888888,0.01387777332977422
RW,MLPQR,A4,S_gls_emp,0.15888888888888889,0.005091750772173162
RW,MLPQR,A4,S_gls_hybrid,0.17333333333333334,0.011547005383792521
RW,MLPQR,A4,S_gls_pert,0.19666666666666666,0.011547005383792528
RW,MLPQR,A4,S_gls_pool,0.1877777777777778,0.009622504486493762
RW,MLPQR,A4,S_mean,0.8277777777777778,0.008388704928078623
RW,MLPQR,N0,S_gls_b,0.08222222222222222,0.016442942874387488
RW,MLPQR,N0,S_gls_ema,0.11666666666666665,0.015275252316519461
RW,MLPQR,N0,S_gls_emp,0.09444444444444444,0.009622504486493762
RW,MLPQR,N0,S_gls_hybrid,0.10222222222222221,0.01387777332977421
RW,MLPQR,N0,S_gls_pert,0.11555555555555556,0.011706281947614158
RW,MLPQR,N0,S_gls_pool,0.11555555555555556,0.012619796324000605
RW,MLPQR,N0,S_mean,0.77,0.018559214542766746
RW,MLPQR_CAL,A0,S_gls_b,0.01,0.0033333333333333335
RW,MLPQR_CAL,A0,S_gls_ema,0.011111111111111113,0.0038490017945975053
RW,MLPQR_CAL,A0,S_gls_emp,0.007777777777777778,0.0038490017945975053
RW,MLPQR_CAL,A0,S_gls_hybrid,0.01,0.0033333333333333335
RW,MLPQR_CAL,A0,S_gls_pert,0.013333333333333334,0.0033333333333333327
RW,MLPQR_CAL,A0,S_gls_pool,0.01,0.0033333333333333335
RW,MLPQR_CAL,A0,S_mean,0.4633333333333334,0.027284509239574834
RW,MLPQR_CAL,A1,S_gls_b,0.043333333333333335,0.01201850425154663
RW,MLPQR_CAL,A1,S_gls_ema,0.07555555555555556,0.01170628194761415
RW,MLPQR_CAL,A1,S_gls_emp,0.06,0.008819171036881967
RW,MLPQR_CAL,A1,S_gls_hybrid,0.06888888888888889,0.010715167512214392
RW,MLPQR_CAL,A1,S_gls_pert,0.08,0.012018504251546625
RW,MLPQR_CAL,A1,S_gls_pool,0.07444444444444444,0.010183501544346305
RW,MLPQR_CAL,A1,S_mean,0.7555555555555555,0.013471506281091325
RW,MLPQR_CAL,A1p,S_gls_b,0.035555555555555556,0.006938886664887111
RW,MLPQR_CAL,A1p,S_gls_ema,0.025555555555555554,0.003849001794597503
RW,MLPQR_CAL,A1p,S_gls_emp,0.015555555555555557,0.0019245008972987516
RW,MLPQR_CAL,A1p,S_gls_hybrid,0.023333333333333334,0.005773502691896256
RW,MLPQR_CAL,A1p,S_gls_pert,0.02777777777777778,0.005091750772173154
RW,MLPQR_CAL,A1p,S_gls_pool,0.02666666666666667,0.005773502691896256
RW,MLPQR_CAL,A1p,S_mean,0.49222222222222217,0.010183501544346281
RW,MLPQR_CAL,A2,S_gls_b,0.10111111111111111,0.018954135676924423
RW,MLPQR_CAL,A2,S_gls_ema,0.0988888888888889,0.011706281947614156
RW,MLPQR_CAL,A2,S_gls_emp,0.08666666666666667,0.016666666666666663
RW,MLPQR_CAL,A2,S_gls_hybrid,0.09222222222222222,0.013471506281091271
RW,MLPQR_CAL,A2,S_gls_pert,0.10444444444444445,0.016777409856157218
RW,MLPQR_CAL,A2,S_gls_pool,0.09666666666666668,0.012018504251546632
RW,MLPQR_CAL,A2,S_mean,0.7366666666666667,0.02027587510099405
RW,MLPQR_CAL,A3,S_gls_b,0.07333333333333333,0.0066666666666666645
RW,MLPQR_CAL,A3,S_gls_ema,0.08,0.006666666666666668
RW,MLPQR_CAL,A3,S_gls_emp,0.06444444444444446,0.0019245008972987479
RW,MLPQR_CAL,A3,S_gls_hybrid,0.07111111111111111,0.005091750772173155
RW,MLPQR_CAL,A3,S_gls_pert,0.0811111111111111,0.0076980035891950115
RW,MLPQR_CAL,A3,S_gls_pool,0.08,0.008819171036881969
RW,MLPQR_CAL,A3,S_mean,0.7044444444444444,0.01575271875417537
RW,MLPQR_CAL,A4,S_gls_b,0.11222222222222222,0.012619796324000614
RW,MLPQR_CAL,A4,S_gls_ema,0.12,0.0033333333333333357
RW,MLPQR_CAL,A4,S_gls_emp,0.10333333333333333,0.0057735026918962545
RW,MLPQR_CAL,A4,S_gls_hybrid,0.10888888888888888,0.007698003589195009
RW,MLPQR_CAL,A4,S_gls_pert,0.12666666666666668,0.008819171036881956
RW,MLPQR_CAL,A4,S_gls_pool,0.12,0.005773502691896261
RW,MLPQR_CAL,A4,S_mean,0.7644444444444445,0.0164429428743875
RW,MLPQR_CAL,N0,S_gls_b,0.06999999999999999,0.011547005383792516
RW,MLPQR_CAL,N0,S_gls_ema,0.07666666666666666,0.0
RW,MLPQR_CAL,N0,S_gls_emp,0.06555555555555555,0.0019245008972987479
RW,MLPQR_CAL,N0,S_gls_hybrid,0.07,0.0033333333333333305
RW,MLPQR_CAL,N0,S_gls_pert,0.08222222222222221,0.001924500897298751
RW,MLPQR_CAL,N0,S_gls_pool,0.07555555555555556,0.005091750772173155
RW,MLPQR_CAL,N0,S_mean,0.7077777777777777,0.00838870492807866
RW,ORACLE,A0,S_gls_b,0.0,0.0
RW,ORACLE,A0,S_gls_ema,0.0,0.0
RW,ORACLE,A0,S_gls_emp,0.0,0.0
RW,ORACLE,A0,S_gls_hybrid,0.0,0.0
RW,ORACLE,A0,S_gls_pert,0.0,0.0
RW,ORACLE,A0,S_gls_pool,0.0,0.0
RW,ORACLE,A0,S_mean,0.0,0.0
RW,ORACLE,A1,S_gls_b,0.0,0.0
RW,ORACLE,A1,S_gls_ema,0.0,0.0
RW,ORACLE,A1,S_gls_emp,0.0,0.0
RW,ORACLE,A1,S_gls_hybrid,0.0,0.0
RW,ORACLE,A1,S_gls_pert,0.0,0.0
RW,ORACLE,A1,S_gls_pool,0.0,0.0
RW,ORACLE,A1,S_mean,1.0,0.0
RW,ORACLE,A1p,S_gls_b,0.0,0.0
RW,ORACLE,A1p,S_gls_ema,0.0,0.0
RW,ORACLE,A1p,S_gls_emp,0.0,0.0
RW,ORACLE,A1p,S_gls_hybrid,0.0,0.0
RW,ORACLE,A1p,S_gls_pert,0.0,0.0
RW,ORACLE,A1p,S_gls_pool,0.0,0.0
RW,ORACLE,A1p,S_mean,0.0,0.0
RW,ORACLE,A2,S_gls_b,0.0911111111111111,0.009622504486493762
RW,ORACLE,A2,S_gls_ema,0.08555555555555555,0.011706281947614154
RW,ORACLE,A2,S_gls_emp,0.09000000000000001,0.0066666666666666645
RW,ORACLE,A2,S_gls_hybrid,0.09000000000000001,0.008819171036881969
RW,ORACLE,A2,S_gls_pert,0.08555555555555555,0.011706281947614154
RW,ORACLE,A2,S_gls_pool,0.08555555555555555,0.011706281947614154
RW,ORACLE,A2,S_mean,0.7022222222222222,0.010715167512214442
RW,ORACLE,A3,S_gls_b,0.06555555555555555,0.006938886664887103
RW,ORACLE,A3,S_gls_ema,0.056666666666666664,0.0033333333333333314
RW,ORACLE,A3,S_gls_emp,0.061111111111111116,0.007698003589195018
RW,ORACLE,A3,S_gls_hybrid,0.05444444444444444,0.0019245008972987494
RW,ORACLE,A3,S_gls_pert,0.056666666666666664,0.0033333333333333314
RW,ORACLE,A3,S_gls_pool,0.056666666666666664,0.0033333333333333314
RW,ORACLE,A3,S_mean,0.6877777777777778,0.021169509870286263
RW,ORACLE,A4,S_gls_b,0.16777777777777778,0.025239592648001217
RW,ORACLE,A4,S_gls_ema,0.16555555555555557,0.006938886664887114
RW,ORACLE,A4,S_gls_emp,0.17444444444444443,0.013877773329774206
RW,ORACLE,A4,S_gls_hybrid,0.1677777777777778,0.00384900179459751
RW,ORACLE,A4,S_gls_pert,0.16555555555555557,0.006938886664887114
RW,ORACLE,A4,S_gls_pool,0.16555555555555557,0.006938886664887114
RW,ORACLE,A4,S_mean,0.7799999999999999,0.02027587510099407
RW,ORACLE,N0,S_gls_b,0.034444444444444444,0.006938886664887108
RW,ORACLE,N0,S_gls_ema,0.051111111111111114,0.0038490017945975057
RW,ORACLE,N0,S_gls_emp,0.05555555555555556,0.006938886664887111
RW,ORACLE,N0,S_gls_hybrid,0.05444444444444444,0.0076980035891950115
RW,ORACLE,N0,S_gls_pert,0.051111111111111114,0.0038490017945975057
RW,ORACLE,N0,S_gls_pool,0.051111111111111114,0.0038490017945975057
RW,ORACLE,N0,S_mean,0.6866666666666666,0.02027587510099405
SEAS,MLPQR,A0,S_gls_b,0.25777777777777783,0.030245905752924906
SEAS,MLPQR,A0,S_gls_ema,0.12555555555555556,0.011706281947614156
SEAS,MLPQR,A0,S_gls_emp,0.03,0.01452966314513558
SEAS,MLPQR,A0,S_gls_hybrid,0.06777777777777778,0.017105338131489616
SEAS,MLPQR,A0,S_gls_pert,0.25666666666666665,0.027284509239574855
SEAS,MLPQR,A0,S_gls_pool,0.10333333333333333,0.017320508075688773
SEAS,MLPQR,A0,S_mean,0.4488888888888889,0.018358568490953662
SEAS,MLPQR,A1,S_gls_b,0.5477777777777778,0.02545875386086576
SEAS,MLPQR,A1,S_gls_ema,0.5488888888888889,0.025018511664883735
SEAS,MLPQR,A1,S_gls_emp,0.3977777777777778,0.018358568490953693
SEAS,MLPQR,A1,S_gls_hybrid,0.4477777777777778,0.013877773329774199
SEAS,MLPQR,A1,S_gls_pert,0.5533333333333333,0.018559214542766666
SEAS,MLPQR,A1,S_gls_pool,0.5288888888888889,0.019531550923607727
SEAS,MLPQR,A1,S_mean,0.7933333333333333,0.010000000000000009
SEAS,MLPQR,A1p,S_gls_b,0.4288888888888889,0.01018350154434631
SEAS,MLPQR,A1p,S_gls_ema,0.3933333333333333,0.010000000000000002
SEAS,MLPQR,A1p,S_gls_emp,0.23222222222222222,0.0038490017945974958
SEAS,MLPQR,A1p,S_gls_hybrid,0.2922222222222222,0.01835856849095368
SEAS,MLPQR,A1p,S_gls_pert,0.43555555555555553,0.013877773329774249
SEAS,MLPQR,A1p,S_gls_pool,0.3744444444444445,0.015396007178390023
SEAS,MLPQR,A1p,S_mean,0.68,0.013333333333333378
SEAS,MLPQR,A2,S_gls_b,0.43555555555555553,0.0050917507721731595
SEAS,MLPQR,A2,S_gls_ema,0.3655555555555556,0.022194427061597955
SEAS,MLPQR,A2,S_gls_emp,0.2544444444444445,0.02036700308869263
SEAS,MLPQR,A2,S_gls_hybrid,0.30444444444444446,0.0107151675122144
SEAS,MLPQR,A2,S_gls_pert,0.43777777777777777,0.0019245008972987808
SEAS,MLPQR,A2,S_gls_pool,0.3544444444444444,0.025458753860865744
SEAS,MLPQR,A2,S_mean,0.6666666666666666,0.01763834207376403
SEAS,MLPQR,A3,S_gls_b,0.2966666666666667,0.0
SEAS,MLPQR,A3,S_gls_ema,0.19000000000000003,0.008819171036881986
SEAS,MLPQR,A3,S_gls_emp,0.11111111111111112,0.009622504486493759
SEAS,MLPQR,A3,S_gls_hybrid,0.13666666666666666,0.020816659994661327
SEAS,MLPQR,A3,S_gls_pert,0.29777777777777775,0.003849001794597518
SEAS,MLPQR,A3,S_gls_pool,0.18000000000000002,0.023333333333333345
SEAS,MLPQR,A3,S_mean,0.5077777777777778,0.025239592648001196
SEAS,MLPQR,A4,S_gls_b,0.3788888888888889,0.020367003088692624
SEAS,MLPQR,A4,S_gls_ema,0.27555555555555555,0.02589151155051344
SEAS,MLPQR,A4,S_gls_emp,0.17444444444444443,0.02523959264800121
SEAS,MLPQR,A4,S_gls_hybrid,0.21888888888888888,0.033719979789985595
SEAS,MLPQR,A4,S_gls_pert,0.3744444444444444,0.027755546659548443
SEAS,MLPQR,A4,S_gls_pool,0.26,0.02645751311064591
SEAS,MLPQR,A4,S_mean,0.5733333333333334,0.030550504633038916
SEAS,MLPQR,N0,S_gls_b,0.3022222222222222,0.012619796324000588
SEAS,MLPQR,N0,S_gls_ema,0.1977777777777778,0.00693888666488712
SEAS,MLPQR,N0,S_gls_emp,0.10333333333333333,0.0033333333333333357
SEAS,MLPQR,N0,S_gls_hybrid,0.14222222222222222,0.006938886664887107
SEAS,MLPQR,N0,S_gls_pert,0.3022222222222222,0.01575271875417537
SEAS,MLPQR,N0,S_gls_pool,0.1877777777777778,0.019531550923607727
SEAS,MLPQR,N0,S_mean,0.51,0.013333333333333329
SEAS,MLPQR_CAL,A0,S_gls_b,0.20222222222222222,0.0309719108105919
SEAS,MLPQR_CAL,A0,S_gls_ema,0.04555555555555555,0.01387777332977422
SEAS,MLPQR_CAL,A0,S_gls_emp,0.015555555555555557,0.003849001794597504
SEAS,MLPQR_CAL,A0,S_gls_hybrid,0.025555555555555554,0.01261979632400061
SEAS,MLPQR_CAL,A0,S_gls_pert,0.19999999999999998,0.03179797338056486
SEAS,MLPQR_CAL,A0,S_gls_pool,0.042222222222222223,0.026943012562182535
SEAS,MLPQR_CAL,A0,S_mean,0.35333333333333333,0.013333333333333308
SEAS,MLPQR_CAL,A1,S_gls_b,0.4766666666666666,0.02848001248439175
SEAS,MLPQR_CAL,A1,S_gls_ema,0.43555555555555553,0.0050917507721731595
SEAS,MLPQR_CAL,A1,S_gls_emp,0.2522222222222222,0.02364866294865865
SEAS,MLPQR_CAL,A1,S_gls_hybrid,0.32,0.01763834207376391
SEAS,MLPQR_CAL,A1,S_gls_pert,0.4822222222222223,0.03338884266959272
SEAS,MLPQR_CAL,A1,S_gls_pool,0.41111111111111115,0.025458753860865792
SEAS,MLPQR_CAL,A1,S_mean,0.73,0.03179797338056482
SEAS,MLPQR_CAL,A1p,S_gls_b,0.3544444444444445,0.023412563895228305
SEAS,MLPQR_CAL,A1p,S_gls_ema,0.26,0.003333333333333341
SEAS,MLPQR_CAL,A1p,S_gls_emp,0.12333333333333334,0.03214550253664318
SEAS,MLPQR_CAL,A1p,S_gls_hybrid,0.18888888888888888,0.015030832509409637
SEAS,MLPQR_CAL,A1p,S_gls_pert,0.35333333333333333,0.023333333333333317
SEAS,MLPQR_CAL,A1p,S_gls_pool,0.24666666666666667,0.031797973380564885
SEAS,MLPQR_CAL,A1p,S_mean,0.6077777777777778,0.013877773329774181
SEAS,MLPQR_CAL,A2,S_gls_b,0.3666666666666667,0.026034165586355504
SEAS,MLPQR_CAL,A2,S_gls_ema,0.26555555555555554,0.008388704928078595
SEAS,MLPQR_CAL,A2,S_gls_emp,0.16,0.012018504251546637
SEAS,MLPQR_CAL,A2,S_gls_hybrid,0.20555555555555557,0.015030832509409637
SEAS,MLPQR_CAL,A2,S_gls_pert,0.3666666666666667,0.01855921454276674
SEAS,MLPQR_CAL,A2,S_gls_pool,0.26666666666666666,0.014529663145135588
SEAS,MLPQR_CAL,A2,S_mean,0.5822222222222222,0.02268953095184682
SEAS,MLPQR_CAL,A3,S_gls_b,0.22999999999999998,0.02
SEAS,MLPQR_CAL,A3,S_gls_ema,0.1322222222222222,0.0038490017945974958
SEAS,MLPQR_CAL,A3,S_gls_emp,0.05333333333333334,0.013333333333333332
SEAS,MLPQR_CAL,A3,S_gls_hybrid,0.08888888888888889,0.012619796324000605
SEAS,MLPQR_CAL,A3,S_gls_pert,0.23666666666666666,0.023333333333333334
SEAS,MLPQR_CAL,A3,S_gls_pool,0.10888888888888888,0.015030832509409649
SEAS,MLPQR_CAL,A3,S_mean,0.4166666666666667,0.024037008503093243
SEAS,MLPQR_CAL,A4,S_gls_b,0.3111111111111111,0.0411411301812747
SEAS,MLPQR_CAL,A4,S_gls_ema,0.19999999999999998,0.034641016151377546
SEAS,MLPQR_CAL,A4,S_gls_emp,0.10777777777777776,0.015752718754175367
SEAS,MLPQR_CAL,A4,S_gls_hybrid,0.14333333333333334,0.02848001248439177
SEAS,MLPQR_CAL,A4,S_gls_pert,0.31555555555555553,0.03532914021241035
SEAS,MLPQR_CAL,A4,S_gls_pool,0.17666666666666667,0.02516611478423584
SEAS,MLPQR_CAL,A4,S_mean,0.4955555555555556,0.02523959264800122
SEAS,MLPQR_CAL,N0,S_gls_b,0.23111111111111113,0.02009237924447236
SEAS,MLPQR_CAL,N0,S_gls_ema,0.12555555555555556,0.005091750772173161
SEAS,MLPQR_CAL,N0,S_gls_emp,0.04888888888888889,0.006938886664887109
SEAS,MLPQR_CAL,N0,S_gls_hybrid,0.08777777777777777,0.009622504486493768
SEAS,MLPQR_CAL,N0,S_gls_pert,0.2388888888888889,0.022194427061597955
SEAS,MLPQR_CAL,N0,S_gls_pool,0.11555555555555556,0.015030832509409649
SEAS,MLPQR_CAL,N0,S_mean,0.43111111111111117,0.021169509870286287
SEAS,ORACLE,A0,S_gls_b,0.0,0.0
SEAS,ORACLE,A0,S_gls_ema,0.0,0.0
SEAS,ORACLE,A0,S_gls_emp,0.0,0.0
SEAS,ORACLE,A0,S_gls_hybrid,0.0,0.0
SEAS,ORACLE,A0,S_gls_pert,0.0,0.0
SEAS,ORACLE,A0,S_gls_pool,0.0,0.0
SEAS,ORACLE,A0,S_mean,0.0,0.0
SEAS,ORACLE,A1,S_gls_b,0.0,0.0
SEAS,ORACLE,A1,S_gls_ema,0.0,0.0
SEAS,ORACLE,A1,S_gls_emp,0.0,0.0
SEAS,ORACLE,A1,S_gls_hybrid,0.0,0.0
SEAS,ORACLE,A1,S_gls_pert,0.0,0.0
SEAS,ORACLE,A1,S_gls_pool,0.0,0.0
SEAS,ORACLE,A1,S_mean,1.0,0.0
SEAS,ORACLE,A1p,S_gls_b,0.0,0.0
SEAS,ORACLE,A1p,S_gls_ema,0.0,0.0
SEAS,ORACLE,A1p,S_gls_emp,0.0,0.0
SEAS,ORACLE,A1p,S_gls_hybrid,0.0,0.0
SEAS,ORACLE,A1p,S_gls_pert,0.0,0.0
SEAS,ORACLE,A1p,S_gls_pool,0.0,0.0
SEAS,ORACLE,A1p,S_mean,1.0,0.0
SEAS,ORACLE,A2,S_gls_b,0.25666666666666665,0.02185812841434001
SEAS,ORACLE,A2,S_gls_ema,0.2511111111111111,0.021688023662159033
SEAS,ORACLE,A2,S_gls_emp,0.26666666666666666,0.016666666666666677
SEAS,ORACLE,A2,S_gls_hybrid,0.25666666666666665,0.006666666666666654
SEAS,ORACLE,A2,S_gls_pert,0.2511111111111111,0.021688023662159033
SEAS,ORACLE,A2,S_gls_pool,0.2511111111111111,0.021688023662159033
SEAS,ORACLE,A2,S_mean,0.6699999999999999,0.021858128414339983
SEAS,ORACLE,A3,S_gls_b,0.04888888888888889,0.01575271875417536
SEAS,ORACLE,A3,S_gls_ema,0.04777777777777778,0.013877773329774221
SEAS,ORACLE,A3,S_gls_emp,0.05777777777777778,0.005091750772173155
SEAS,ORACLE,A3,S_gls_hybrid,0.04777777777777778,0.010715167512214392
SEAS,ORACLE,A3,S_gls_pert,0.04777777777777778,0.013877773329774221
SEAS,ORACLE,A3,S_gls_pool,0.04777777777777778,0.013877773329774221
SEAS,ORACLE,A3,S_mean,0.3788888888888889,0.05091750772173159
SEAS,ORACLE,A4,S_gls_b,0.1822222222222222,0.022194427061597966
SEAS,ORACLE,A4,S_gls_ema,0.18555555555555556,0.01503083250940964
SEAS,ORACLE,A4,S_gls_emp,0.20333333333333334,0.04484541349024572
SEAS,ORACLE,A4,S_gls_hybrid,0.18444444444444444,0.025018511664883787
SEAS,ORACLE,A4,S_gls_pert,0.18555555555555556,0.01503083250940964
SEAS,ORACLE,A4,S_gls_pool,0.18555555555555556,0.01503083250940964
SEAS,ORACLE,A4,S_mean,0.5355555555555556,0.02341256389522835
SEAS,ORACLE,N0,S_gls_b,0.044444444444444446,0.013877773329774216
SEAS,ORACLE,N0,S_gls_ema,0.044444444444444446,0.013877773329774216
SEAS,ORACLE,N0,S_gls_emp,0.056666666666666664,0.01
SEAS,ORACLE,N0,S_gls_hybrid,0.052222222222222225,0.010715167512214394
SEAS,ORACLE,N0,S_gls_pert,0.044444444444444446,0.013877773329774216
SEAS,ORACLE,N0,S_gls_pool,0.044444444444444446,0.013877773329774216
SEAS,ORACLE,N0,S_mean,0.37777777777777777,0.05747785402834474
WN,MLPQR,A0,S_gls_b,0.23666666666666666,0.014529663145135596
WN,MLPQR,A0,S_gls_ema,0.061111111111111116,0.03338884266959271
WN,MLPQR,A0,S_gls_emp,0.05666666666666667,0.011547005383792518
WN,MLPQR,A0,S_gls_hybrid,0.04888888888888889,0.008388704928078607
WN,MLPQR,A0,S_gls_pert,0.23444444444444446,0.010715167512214397
WN,MLPQR,A0,S_gls_pool,0.022222222222222223,0.005091750772173156
WN,MLPQR,A0,S_mean,0.26666666666666666,0.00881917103688199
WN,MLPQR,A1,S_gls_b,0.6088888888888889,0.005091750772173049
WN,MLPQR,A1,S_gls_ema,0.4577777777777778,0.09674326467128994
WN,MLPQR,A1,S_gls_emp,0.6055555555555555,0.022194427061598004
WN,MLPQR,A1,S_gls_hybrid,0.5622222222222222,0.012619796324000634
WN,MLPQR,A1,S_gls_pert,0.6044444444444445,0.006938886664887123
WN,MLPQR,A1,S_gls_pool,0.39666666666666667,0.05206833117271103
WN,MLPQR,A1,S_mean,0.8566666666666666,0.014529663145135529
WN,MLPQR,A1p,S_gls_b,0.6088888888888889,0.005091750772173049
WN,MLPQR,A1p,S_gls_ema,0.4577777777777778,0.09674326467128994
WN,MLPQR,A1p,S_gls_emp,0.6055555555555555,0.022194427061598004
WN,MLPQR,A1p,S_gls_hybrid,0.5622222222222222,0.012619796324000634
WN,MLPQR,A1p,S_gls_pert,0.6044444444444445,0.006938886664887123
WN,MLPQR,A1p,S_gls_pool,0.39666666666666667,0.05206833117271103
WN,MLPQR,A1p,S_mean,0.8566666666666666,0.014529663145135529
WN,MLPQR,A2,S_gls_b,0.6077777777777778,0.013471506281091224
WN,MLPQR,A2,S_gls_ema,0.44222222222222224,0.10905316406502194
WN,MLPQR,A2,S_gls_emp,0.5755555555555555,0.02834966849371796
WN,MLPQR,A2,S_gls_hybrid,0.5477777777777778,0.015396007178390007
WN,MLPQR,A2,S_gls_pert,0.5955555555555555,0.00509175077217317
WN,MLPQR,A2,S_gls_pool,0.3977777777777778,0.06049181150584977
WN,MLPQR,A2,S_mean,0.8355555555555556,0.013877773329774256
WN,MLPQR,A3,S_gls_b,0.3033333333333333,0.017638342073763927
WN,MLPQR,A3,S_gls_ema,0.06222222222222223,0.02912298316018035
WN,MLPQR,A3,S_gls_emp,0.10444444444444445,0.02673602092336882
WN,MLPQR,A3,S_gls_hybrid,0.11111111111111112,0.015752718754175353
WN,MLPQR,A3,S_gls_pert,0.29444444444444445,0.0171053381314896
WN,MLPQR,A3,S_gls_pool,0.02666666666666667,0.005773502691896256
WN,MLPQR,A3,S_mean,0.30777777777777776,0.026943012562182535
WN,MLPQR,A4,S_gls_b,0.35666666666666663,0.01732050807568873
WN,MLPQR,A4,S_gls_ema,0.11222222222222222,0.05388602512436507
WN,MLPQR,A4,S_gls_emp,0.1322222222222222,0.0019245008972987449
WN,MLPQR,A4,S_gls_hybrid,0.12888888888888891,0.011706281947614163
WN,MLPQR,A4,S_gls_pert,0.33555555555555555,0.02341256389522829
WN,MLPQR,A4,S_gls_pool,0.05111111111111111,0.00962250448649376
WN,MLPQR,A4,S_mean,0.3633333333333333,0.015275252316519473
WN,MLPQR,N0,S_gls_b,0.2833333333333333,0.008819171036881972
WN,MLPQR,N0,S_gls_ema,0.07,0.04
WN,MLPQR,N0,S_gls_emp,0.08777777777777777,0.006938886664887116
WN,MLPQR,N0,S_gls_hybrid,0.10444444444444445,0.006938886664887113
WN,MLPQR,N0,S_gls_pert,0.2811111111111111,0.006938886664887143
WN,MLPQR,N0,S_gls_pool,0.02888888888888889,0.008388704928078609
WN,MLPQR,N0,S_mean,0.3022222222222222,0.008388704928078597
WN,MLPQR_CAL,A0,S_gls_b,0.23222222222222222,0.013471506281091273
WN,MLPQR_CAL,A0,S_gls_ema,0.04888888888888889,0.0333888426695927
WN,MLPQR_CAL,A0,S_gls_emp,0.05111111111111111,0.012619796324000608
WN,MLPQR_CAL,A0,S_gls_hybrid,0.04666666666666667,0.009999999999999995
WN,MLPQR_CAL,A0,S_gls_pert,0.23111111111111113,0.011706281947614156
WN,MLPQR_CAL,A0,S_gls_pool,0.016666666666666666,0.005773502691896258
WN,MLPQR_CAL,A0,S_mean,0.24444444444444446,0.0069388866648871245
WN,MLPQR_CAL,A1,S_gls_b,0.6,0.011547005383792535
WN,MLPQR_CAL,A1,S_gls_ema,0.4488888888888889,0.10001851680415837
WN,MLPQR_CAL,A1,S_gls_emp,0.5955555555555555,0.030245905752924872
WN,MLPQR_CAL,A1,S_gls_hybrid,0.5544444444444444,0.022194427061597893
WN,MLPQR_CAL,A1,S_gls_pert,0.5944444444444444,0.0038490017945975617
WN,MLPQR_CAL,A1,S_gls_pool,0.37333333333333335,0.06333333333333334
WN,MLPQR_CAL,A1,S_mean,0.85,0.02603416558635554
WN,MLPQR_CAL,A1p,S_gls_b,0.6,0.011547005383792535
WN,MLPQR_CAL,A1p,S_gls_ema,0.4488888888888889,0.10001851680415837
WN,MLPQR_CAL,A1p,S_gls_emp,0.5955555555555555,0.030245905752924872
WN,MLPQR_CAL,A1p,S_gls_hybrid,0.5544444444444444,0.022194427061597893
WN,MLPQR_CAL,A1p,S_gls_pert,0.5944444444444444,0.0038490017945975617
WN,MLPQR_CAL,A1p,S_gls_pool,0.37333333333333335,0.06333333333333334
WN,MLPQR_CAL,A1p,S_mean,0.85,0.02603416558635554
WN,MLPQR_CAL,A2,S_gls_b,0.6033333333333334,0.0057735026918962545
WN,MLPQR_CAL,A2,S_gls_ema,0.4266666666666667,0.12454361128179603
WN,MLPQR_CAL,A2,S_gls_emp,0.5688888888888889,0.034694433324435524
WN,MLPQR_CAL,A2,S_gls_hybrid,0.5333333333333333,0.0033333333333332993
WN,MLPQR_CAL,A2,S_gls_pert,0.5933333333333334,0.012018504251546616
WN,MLPQR_CAL,A2,S_gls_pool,0.37666666666666665,0.07218802609235904
WN,MLPQR_CAL,A2,S_mean,0.8322222222222222,0.018954135676924475
WN,MLPQR_CAL,A3,S_gls_b,0.28777777777777774,0.01387777332977424
WN,MLPQR_CAL,A3,S_gls_ema,0.052222222222222225,0.030245905752924893
WN,MLPQR_CAL,A3,S_gls_emp,0.08777777777777777,0.02364866294865862
WN,MLPQR_CAL,A3,S_gls_hybrid,0.09888888888888887,0.015030832509409644
WN,MLPQR_CAL,A3,S_gls_pert,0.2866666666666667,0.014529663145135593
WN,MLPQR_CAL,A3,S_gls_pool,0.023333333333333334,0.005773502691896256
WN,MLPQR_CAL,A3,S_mean,0.29555555555555557,0.013471506281091259
WN,MLPQR_CAL,A4,S_gls_b,0.34111111111111114,0.01895413567692441
WN,MLPQR_CAL,A4,S_gls_ema,0.09777777777777778,0.054194437325587555
WN,MLPQR_CAL,A4,S_gls_emp,0.11222222222222222,0.013471506281091266
WN,MLPQR_CAL,A4,S_gls_hybrid,0.11222222222222222,0.011706281947614156
WN,MLPQR_CAL,A4,S_gls_pert,0.32555555555555554,0.010715167512214359
WN,MLPQR_CAL,A4,S_gls_pool,0.04555555555555555,0.010183501544346309
WN,MLPQR_CAL,A4,S_mean,0.3322222222222222,0.012619796324000643
WN,MLPQR_CAL,N0,S_gls_b,0.27111111111111114,0.005091750772173131
WN,MLPQR_CAL,N0,S_gls_ema,0.05777777777777778,0.028738927014172362
WN,MLPQR_CAL,N0,S_gls_emp,0.07666666666666667,0.01154700538379251
WN,MLPQR_CAL,N0,S_gls_hybrid,0.08666666666666667,0.010000000000000004
WN,MLPQR_CAL,N0,S_gls_pert,0.2677777777777777,0.0050917507721731795
WN,MLPQR_CAL,N0,S_gls_pool,0.02666666666666667,0.008819171036881967
WN,MLPQR_CAL,N0,S_mean,0.29,0.014529663145135582
WN,ORACLE,A0,S_gls_b,0.0,0.0
WN,ORACLE,A0,S_gls_ema,0.0,0.0
WN,ORACLE,A0,S_gls_emp,0.0,0.0
WN,ORACLE,A0,S_gls_hybrid,0.0,0.0
WN,ORACLE,A0,S_gls_pert,0.0,0.0
WN,ORACLE,A0,S_gls_pool,0.0,0.0
WN,ORACLE,A0,S_mean,0.0,0.0
WN,ORACLE,A1,S_gls_b,1.0,0.0
WN,ORACLE,A1,S_gls_ema,1.0,0.0
WN,ORACLE,A1,S_gls_emp,1.0,0.0
WN,ORACLE,A1,S_gls_hybrid,1.0,0.0
WN,ORACLE,A1,S_gls_pert,1.0,0.0
WN,ORACLE,A1,S_gls_pool,1.0,0.0
WN,ORACLE,A1,S_mean,1.0,0.0
WN,ORACLE,A1p,S_gls_b,1.0,0.0
WN,ORACLE,A1p,S_gls_ema,1.0,0.0
WN,ORACLE,A1p,S_gls_emp,1.0,0.0
WN,ORACLE,A1p,S_gls_hybrid,1.0,0.0
WN,ORACLE,A1p,S_gls_pert,1.0,0.0
WN,ORACLE,A1p,S_gls_pool,1.0,0.0
WN,ORACLE,A1p,S_mean,1.0,0.0
WN,ORACLE,A2,S_gls_b,0.9744444444444444,0.01071516751221438
WN,ORACLE,A2,S_gls_ema,0.9744444444444444,0.01071516751221438
WN,ORACLE,A2,S_gls_emp,0.9788888888888888,0.005091750772173085
WN,ORACLE,A2,S_gls_hybrid,0.9766666666666666,0.006666666666666626
WN,ORACLE,A2,S_gls_pert,0.9744444444444444,0.01071516751221438
WN,ORACLE,A2,S_gls_pool,0.9744444444444444,0.01071516751221438
WN,ORACLE,A2,S_mean,0.9744444444444444,0.01071516751221438
WN,ORACLE,A3,S_gls_b,0.06333333333333334,0.013333333333333327
WN,ORACLE,A3,S_gls_ema,0.06333333333333334,0.013333333333333327
WN,ORACLE,A3,S_gls_emp,0.0788888888888889,0.030971910810591887
WN,ORACLE,A3,S_gls_hybrid,0.06666666666666667,0.02185812841434
WN,ORACLE,A3,S_gls_pert,0.06333333333333334,0.013333333333333327
WN,ORACLE,A3,S_gls_pool,0.06333333333333334,0.013333333333333327
WN,ORACLE,A3,S_mean,0.06333333333333334,0.013333333333333327
WN,ORACLE,A4,S_gls_b,0.18333333333333335,0.0360555127546399
WN,ORACLE,A4,S_gls_ema,0.18333333333333335,0.0360555127546399
WN,ORACLE,A4,S_gls_emp,0.21,0.034641016151377546
WN,ORACLE,A4,S_gls_hybrid,0.19333333333333336,0.032145502536643195
WN,ORACLE,A4,S_gls_pert,0.18333333333333335,0.0360555127546399
WN,ORACLE,A4,S_gls_pool,0.18333333333333335,0.0360555127546399
WN,ORACLE,A4,S_mean,0.18333333333333335,0.0360555127546399
WN,ORACLE,N0,S_gls_b,0.043333333333333335,0.016666666666666663
WN,ORACLE,N0,S_gls_ema,0.043333333333333335,0.016666666666666663
WN,ORACLE,N0,S_gls_emp,0.06444444444444444,0.01953155092360772
WN,ORACLE,N0,S_gls_hybrid,0.04666666666666667,0.017638342073763934
WN,ORACLE,N0,S_gls_pert,0.043333333333333335,0.016666666666666663
WN,ORACLE,N0,S_gls_pool,0.043333333333333335,0.016666666666666663
WN,ORACLE,N0,S_mean,0.043333333333333335,0.016666666666666663
